fecha,pesos_1a,pesos_5a,pesos_10a,b0_pesos,b1_pesos,b2_pesos,tau_pesos,fecha_uvr,uvr_1a,uvr_5a,uvr_10a,b0_uvr,b1_uvr,b2_uvr,tau_uvr
2003-01-31,10.32,15.38,15.89,0.11,-0.04,0.22,3.70,2003-01-31,3.16,6.67,6.76,5.64,-5.23,10.74,2.30
2003-02-28,10.85,16.21,16.10,0.09,-0.01,0.28,3.70,2003-02-28,2.88,5.78,7.54,10.13,-8.27,-3.35,2.30
2003-03-31,10.11,16.03,14.55,0.01,0.05,0.43,3.70,2003-03-31,2.85,7.02,7.68,7.51,-7.51,8.73,2.30
2003-04-30,10.27,15.34,16.18,0.13,-0.05,0.19,3.70,2003-04-30,4.10,6.95,7.70,8.20,-5.83,3.85,2.30
2003-05-30,10.12,14.67,14.97,0.10,-0.03,0.21,3.70,2003-05-30,3.37,6.89,7.35,7.01,-6.11,8.05,2.30
2003-06-27,10.21,14.12,15.23,0.14,-0.06,0.11,3.70,2003-06-27,3.82,6.69,7.51,8.16,-6.04,3.37,2.30
2003-07-31,9.96,14.74,14.96,0.09,-0.02,0.23,3.70,2003-07-31,4.28,6.45,5.88,3.90,-1.78,11.14,2.30
2003-08-29,9.68,14.28,15.05,0.12,-0.05,0.17,3.70,2003-08-29,4.51,6.76,7.40,7.92,-4.72,2.58,2.30
2003-09-30,9.93,14.82,15.34,0.11,-0.04,0.21,3.70,2003-09-30,3.17,6.70,7.42,7.63,-6.75,6.17,2.30
2003-10-31,9.94,14.68,14.41,0.07,0.00,0.27,3.70,2003-10-31,3.80,6.91,7.26,6.82,-5.26,7.61,2.30
2003-11-28,9.82,13.89,14.81,0.13,-0.05,0.13,3.70,2003-11-28,2.85,8.29,13.73,23.04,-20.51,-21.70,2.30
2003-12-30,10.26,13.93,14.77,0.13,-0.05,0.12,3.70,2003-12-30,3.52,6.74,8.90,12.21,-9.67,-5.21,2.30
2004-01-30,10.15,13.47,14.46,0.14,-0.05,0.09,3.70,2004-01-30,2.24,5.95,7.46,9.23,-8.84,1.10,2.30
2004-02-27,8.97,12.47,14.38,0.17,-0.10,0.02,3.70,2004-02-27,2.00,5.78,7.30,9.06,-8.96,1.29,2.30
2004-03-31,8.95,11.75,13.27,0.15,-0.08,0.02,3.70,2004-03-31,2.91,6.01,7.15,8.38,-7.11,1.80,2.30
2004-04-30,10.71,13.05,12.77,0.09,0.01,0.14,3.70,2004-04-30,3.10,6.41,7.62,8.90,-7.56,2.00,2.30
2004-05-31,9.29,13.89,14.49,0.11,-0.04,0.19,3.70,2004-05-31,4.70,7.31,8.07,8.68,-5.51,2.96,2.30
2004-06-30,9.95,13.77,15.27,0.16,-0.08,0.07,3.70,2004-06-30,4.60,7.30,8.04,8.59,-5.60,3.37,2.30
2004-07-30,9.73,14.05,15.52,0.15,-0.08,0.10,3.70,2004-07-30,3.65,7.10,8.05,8.77,-7.16,4.27,2.30
2004-08-31,9.10,13.27,15.13,0.17,-0.09,0.06,3.70,2004-08-31,3.25,6.51,7.55,8.52,-7.12,3.01,2.30
2004-09-30,8.96,13.06,14.65,0.15,-0.08,0.08,3.70,2004-09-30,2.77,6.20,7.36,8.50,-7.61,2.71,2.30
2004-10-29,9.08,12.84,14.63,0.17,-0.09,0.04,3.70,2004-10-29,2.74,5.84,7.29,9.16,-7.82,-0.47,2.30
2004-11-30,8.68,12.36,13.94,0.15,-0.08,0.06,3.70,2004-11-30,2.69,5.52,6.67,8.03,-6.76,0.81,2.30
2004-12-30,8.45,11.84,13.58,0.16,-0.09,0.03,3.70,2004-12-29,3.70,5.05,6.64,9.44,-5.65,-7.09,2.30
2005-01-31,7.65,11.62,13.36,0.15,-0.09,0.06,3.70,2005-01-31,1.69,5.02,6.34,7.86,-7.86,1.27,2.30
2005-02-28,7.74,11.43,13.09,0.15,-0.08,0.05,3.70,2005-02-28,1.67,4.92,6.42,8.35,-8.16,-0.35,2.30
2005-03-31,7.72,12.26,13.41,0.12,-0.06,0.14,3.70,2005-03-31,2.74,6.16,7.42,8.77,-7.84,2.00,2.30
2005-04-29,7.42,11.43,13.64,0.17,-0.11,0.02,3.70,2005-04-29,2.25,5.93,7.15,8.34,-8.13,3.09,2.30
2005-05-31,7.32,10.91,13.32,0.18,-0.12,-0.02,3.70,2005-05-31,2.28,5.93,7.18,8.44,-8.16,2.75,2.30
2005-06-30,7.07,9.89,12.37,0.18,-0.12,-0.06,3.70,2005-06-30,2.57,5.27,6.37,7.68,-6.45,0.75,2.30
2005-07-29,7.11,9.51,11.33,0.15,-0.09,-0.03,3.70,2005-07-29,2.58,4.43,5.32,6.50,-4.74,-0.48,2.30
2005-08-31,7.13,9.34,10.82,0.14,-0.07,-0.01,3.70,2005-08-31,2.95,4.51,5.38,6.59,-4.25,-1.16,2.30
2005-09-30,5.85,7.64,8.92,0.11,-0.06,-0.01,3.70,2005-09-30,1.68,3.14,3.90,4.96,-3.89,-0.79,2.30
2005-10-31,6.27,8.67,9.67,0.10,-0.05,0.04,3.70,2005-10-31,1.27,3.03,5.21,9.11,-7.64,-10.11,2.30
2005-11-30,5.60,8.40,9.50,0.10,-0.06,0.05,3.70,2005-11-30,0.74,2.78,3.99,5.75,-5.75,-2.13,2.30
2005-12-29,6.11,8.01,9.23,0.11,-0.06,0.00,3.70,2005-12-28,0.69,2.57,3.66,5.23,-5.23,-1.81,2.30
2006-01-31,6.09,7.50,8.39,0.10,-0.04,0.00,3.70,2006-01-30,0.79,2.38,3.28,4.58,-4.38,-1.42,2.30
2006-02-28,6.04,6.80,7.26,0.08,-0.02,0.00,3.70,2006-02-28,0.66,2.36,3.31,4.64,-4.64,-1.31,2.30
2006-03-31,6.24,7.33,7.82,0.08,-0.02,0.02,3.70,2006-03-30,1.65,3.35,3.94,4.53,-3.81,1.27,2.30
2006-04-28,6.45,8.53,9.01,0.08,-0.03,0.07,3.70,2006-04-28,1.68,4.21,4.67,4.70,-4.70,4.83,2.30
2006-05-31,8.17,9.81,9.97,0.08,-0.01,0.07,3.70,2006-05-31,3.57,5.00,5.81,6.98,-3.96,-1.23,2.30
2006-06-30,8.34,10.93,10.91,0.07,-0.01,0.13,3.70,2006-06-30,4.37,6.46,6.46,5.69,-2.99,6.78,2.30
2006-07-31,7.91,9.71,9.73,0.07,-0.01,0.09,3.70,2006-07-31,5.24,5.39,5.59,5.96,-0.68,-0.99,2.30
2006-08-31,8.23,9.43,9.57,0.09,-0.01,0.05,3.70,2006-08-29,3.39,4.52,4.88,5.21,-2.47,1.06,2.30
2006-09-29,8.22,9.54,9.66,0.08,-0.01,0.06,3.70,2006-09-27,1.99,4.59,4.71,4.01,-4.01,7.53,2.30
2006-10-31,8.06,9.22,9.32,0.08,-0.01,0.05,3.70,2006-10-30,2.71,4.32,4.58,4.54,-2.93,3.28,2.30
2006-11-30,7.93,9.31,9.27,0.07,0.00,0.07,3.70,2006-11-24,3.27,4.58,4.93,5.17,-2.68,1.72,2.30
2006-12-28,7.93,8.98,8.96,0.07,0.00,0.06,3.70,2006-12-27,2.72,4.19,4.28,3.95,-2.33,4.03,2.30
2007-01-31,8.38,9.45,9.45,0.08,0.00,0.05,3.70,2007-01-31,2.01,4.53,4.53,3.62,-3.62,8.11,2.30
2007-02-28,8.82,9.69,9.86,0.09,-0.01,0.03,3.70,2007-02-27,2.23,4.64,4.61,3.68,-3.39,7.96,2.30
2007-03-30,8.78,9.98,9.94,0.08,0.00,0.06,3.70,2007-03-29,2.48,4.99,5.19,4.67,-4.06,6.69,2.30
2007-04-30,9.15,10.17,10.08,0.08,0.00,0.06,3.70,2007-04-27,2.66,5.56,5.28,3.62,-3.50,11.46,2.30
2007-05-31,9.16,9.95,9.88,0.09,0.00,0.05,3.70,2007-05-30,4.85,5.04,5.18,5.42,-0.61,-0.45,2.30
2007-06-29,9.48,9.91,9.94,0.09,0.00,0.02,3.70,2007-06-29,3.04,6.00,5.09,2.11,-2.11,16.18,2.30
2007-07-31,9.56,10.01,9.91,0.09,0.00,0.03,3.70,2007-07-31,6.01,5.71,5.68,5.73,0.50,-0.75,2.30
2007-08-31,9.83,10.76,10.62,0.09,0.00,0.06,3.70,2007-08-30,3.38,6.55,5.43,1.92,-1.92,18.42,2.30
2007-09-28,9.58,10.36,10.16,0.08,0.01,0.06,3.70,2007-09-28,5.56,5.80,5.81,5.74,-0.36,0.71,2.30
2007-10-31,9.55,10.35,10.16,0.08,0.01,0.06,3.70,2007-10-29,5.62,5.55,5.56,5.58,0.08,-0.23,2.30
2007-11-30,9.47,10.23,10.21,0.09,0.00,0.04,3.70,2007-11-30,5.01,5.34,5.38,5.35,-0.57,0.76,2.30
2007-12-28,9.82,10.31,10.37,0.10,0.00,0.02,3.70,2007-12-19,5.17,5.41,5.50,5.60,-0.56,0.12,2.30
2008-01-31,10.20,11.08,11.21,0.10,-0.01,0.04,3.70,2008-01-29,5.13,5.71,5.81,5.82,-1.08,1.13,2.30
2008-02-29,10.51,11.48,11.59,0.11,-0.01,0.04,3.70,2008-02-29,4.62,5.77,6.03,6.15,-2.26,1.86,2.30
2008-03-31,10.63,11.57,11.63,0.11,-0.01,0.04,3.70,2008-03-28,5.05,6.22,6.32,6.10,-1.91,3.05,2.30
2008-04-30,10.40,11.01,10.98,0.10,0.00,0.03,3.70,2008-04-30,5.54,5.90,5.90,5.79,-0.52,1.10,2.30
2008-05-30,10.68,11.57,11.48,0.10,0.00,0.05,3.70,2008-05-30,5.54,5.92,5.98,5.96,-0.67,0.81,2.30
2008-06-27,10.87,12.81,12.76,0.10,0.00,0.10,3.70,2008-06-27,5.96,4.85,6.24,9.53,-1.66,-13.62,2.30
2008-07-31,10.85,12.76,12.47,0.09,0.01,0.12,3.70,2008-07-31,5.01,6.16,6.23,5.95,-1.81,3.23,2.30
2008-08-29,10.22,11.50,11.39,0.09,0.00,0.08,3.70,2008-08-29,5.76,6.02,5.82,5.30,0.10,2.29,2.30
2008-09-30,10.31,12.15,12.11,0.10,0.00,0.10,3.70,2008-09-30,5.90,6.31,6.25,5.98,-0.45,1.73,2.30
2008-10-31,10.40,12.78,13.58,0.13,-0.04,0.06,3.70,2008-10-31,5.24,6.69,6.75,6.34,-2.22,4.28,2.30
2008-11-28,9.90,11.53,12.63,0.15,-0.05,-0.01,3.70,2008-11-28,4.47,5.88,6.10,6.04,-2.52,2.95,2.30
2008-12-30,9.44,10.30,10.88,0.12,-0.03,0.00,3.70,2008-12-30,4.34,5.24,5.55,5.84,-2.01,0.73,2.30
2009-01-30,9.03,9.59,9.80,0.10,-0.01,0.01,3.70,2009-01-29,3.31,4.51,4.67,4.55,-2.09,2.78,2.30
2009-02-27,8.53,9.45,10.01,0.11,-0.03,0.00,3.70,2009-02-27,3.71,4.97,5.10,4.91,-2.10,3.13,2.30
2009-03-31,7.07,8.99,10.09,0.12,-0.05,0.01,3.70,2009-03-30,2.86,5.03,5.35,5.23,-3.86,4.69,2.30
2009-04-30,6.31,7.95,9.19,0.12,-0.06,-0.02,3.70,2009-04-30,2.81,4.60,4.90,4.88,-3.27,3.57,2.30
2009-05-29,5.92,8.13,9.36,0.11,-0.06,0.01,3.70,2009-05-29,3.07,4.59,4.89,4.96,-2.88,2.72,2.30
2009-06-30,5.56,8.86,9.96,0.10,-0.06,0.08,3.70,2009-06-30,3.47,4.97,5.21,5.17,-2.72,3.08,2.30
2009-07-31,3.89,8.80,9.46,0.05,-0.04,0.20,3.70,2009-07-29,2.91,4.84,4.98,4.56,-3.09,5.24,2.30
2009-08-31,4.84,9.02,10.10,0.09,-0.06,0.12,3.70,2009-08-31,2.38,4.38,5.03,5.65,-4.38,1.75,2.30
2009-09-30,4.67,8.64,9.54,0.08,-0.05,0.13,3.70,2009-09-30,1.59,4.10,4.68,4.95,-4.95,3.98,2.30
2009-10-30,4.63,7.79,8.86,0.09,-0.06,0.07,3.70,2009-10-30,1.46,3.71,4.33,4.78,-4.66,2.82,2.30
2009-11-30,3.76,6.93,8.32,0.10,-0.08,0.03,3.70,2009-11-30,1.40,3.73,4.34,4.77,-4.77,3.07,2.30
2009-12-30,4.07,7.33,8.94,0.11,-0.08,0.03,3.70,2009-12-29,1.38,3.49,4.50,5.81,-5.37,-0.43,2.30
2010-01-29,4.70,8.24,9.20,0.08,-0.05,0.09,3.70,2010-01-29,1.19,3.46,4.33,5.28,-5.28,1.15,2.30
2010-02-26,4.13,8.57,9.70,0.08,-0.06,0.13,3.70,2010-02-26,1.05,3.30,4.33,5.63,-5.63,-0.11,2.30
2010-03-31,4.44,8.43,9.41,0.08,-0.05,0.12,3.70,2010-03-31,1.36,3.70,4.40,4.99,-4.99,2.52,2.30
2010-04-30,4.41,8.09,8.86,0.07,-0.05,0.12,3.70,2010-04-30,2.30,4.20,4.53,4.50,-3.49,3.83,2.30
2010-05-31,4.00,7.85,8.61,0.06,-0.04,0.14,3.70,2010-05-31,2.06,3.99,4.35,4.37,-3.60,3.70,2.30
2010-06-30,3.99,7.52,8.38,0.07,-0.05,0.12,3.70,2010-06-30,2.54,3.52,4.10,4.97,-2.77,-1.08,2.30
2010-07-30,3.96,7.17,7.95,0.07,-0.04,0.10,3.70,2010-07-30,2.05,3.09,3.67,4.51,-2.85,-0.88,2.30
2010-08-31,3.85,6.81,7.60,0.07,-0.04,0.08,3.70,2010-08-31,1.08,3.08,3.79,4.52,-4.52,1.36,2.30
2010-09-30,4.00,6.72,7.90,0.08,-0.06,0.04,3.70,2010-09-30,1.00,2.98,3.78,4.70,-4.70,0.66,2.30
2010-10-29,3.90,6.42,7.50,0.08,-0.06,0.04,3.70,2010-10-29,1.91,2.96,3.75,5.01,-3.34,-2.33,2.30
2010-11-30,3.89,6.91,8.22,0.09,-0.06,0.06,3.70,2010-11-30,1.21,3.02,3.84,4.89,-4.51,-0.11,2.30
2010-12-30,4.38,7.32,8.26,0.08,-0.05,0.07,3.70,2010-12-30,1.40,2.85,3.84,5.38,-4.40,-2.50,2.30
2011-01-31,4.38,7.65,8.51,0.07,-0.04,0.10,3.70,2011-01-31,1.17,2.60,3.73,5.56,-4.69,-3.57,2.30
2011-02-28,4.97,8.09,8.92,0.08,-0.05,0.10,3.70,2011-02-28,1.13,3.21,3.93,4.68,-4.68,1.48,2.30
2011-03-31,4.87,8.03,8.76,0.08,-0.04,0.10,3.70,2011-03-31,2.07,3.68,3.98,3.99,-3.00,3.09,2.30
2011-04-29,4.97,7.78,8.64,0.08,-0.04,0.08,3.70,2011-04-29,1.89,3.60,3.97,4.11,-3.32,2.86,2.30
2011-05-31,5.17,7.49,8.34,0.08,-0.04,0.06,3.70,2011-05-31,2.01,3.64,3.88,3.77,-2.89,3.58,2.30
2011-06-30,5.20,7.07,7.87,0.09,-0.04,0.03,3.70,2011-06-30,2.03,3.41,3.78,4.02,-2.83,1.85,2.30
2011-07-29,5.28,6.93,7.81,0.09,-0.04,0.02,3.70,2011-07-29,2.08,3.42,3.82,4.13,-2.83,1.52,2.30
2011-08-31,5.29,6.62,7.47,0.09,-0.04,0.00,3.70,2011-08-31,2.14,3.27,3.35,3.11,-1.80,3.04,2.30
2011-09-30,5.16,6.79,7.60,0.09,-0.05,0.00,3.70,2011-09-29,2.16,3.35,3.73,4.09,-2.60,1.07,2.30
2011-10-31,5.56,6.95,7.61,0.08,-0.03,0.02,3.70,2011-10-31,1.81,3.11,3.59,4.11,-2.98,0.71,2.30
2011-11-30,5.66,7.10,7.75,0.08,-0.03,0.02,3.70,2011-11-30,1.76,2.70,1.94,0.00,0.44,8.59,2.30
2011-12-29,5.58,7.14,7.78,0.08,-0.03,0.02,3.70,2011-12-28,1.53,2.75,2.00,0.00,0.00,9.36,2.30
2012-01-31,5.63,6.95,7.50,0.08,-0.03,0.02,3.70,2012-01-31,1.83,2.95,3.51,4.28,-2.92,-0.47,2.30
2012-02-29,5.72,6.95,7.45,0.08,-0.02,0.03,3.70,2012-02-29,1.94,3.08,3.54,4.09,-2.71,0.31,2.30
2012-03-30,5.55,6.71,7.36,0.08,-0.03,0.00,3.70,2012-03-30,2.38,3.25,3.60,4.01,-2.06,0.28,2.30
2012-04-30,5.48,6.58,7.21,0.08,-0.03,0.00,3.70,2012-04-30,2.84,3.31,3.63,4.13,-1.43,-0.81,2.30
2012-05-31,5.49,6.67,7.27,0.08,-0.03,0.02,3.70,2012-05-31,2.99,3.37,3.73,4.35,-1.39,-1.42,2.30
2012-06-29,5.47,6.40,7.11,0.09,-0.03,-0.01,3.70,2012-06-29,2.83,3.36,3.56,3.77,-1.22,0.28,2.30
2012-07-31,5.27,5.99,6.74,0.09,-0.03,-0.02,3.70,2012-07-31,3.14,3.30,3.54,3.97,-0.79,-1.17,2.30
2012-08-31,4.83,5.89,6.74,0.09,-0.04,-0.02,3.70,2012-08-31,2.48,2.95,3.53,4.58,-2.04,-2.70,2.30
2012-09-28,4.77,5.70,6.42,0.08,-0.04,-0.01,3.70,2012-09-27,2.09,2.50,2.91,3.62,-1.55,-1.66,2.30
2012-10-31,4.86,5.58,6.24,0.08,-0.03,-0.02,3.70,2012-10-30,1.40,2.32,2.71,3.18,-2.23,0.16,2.30
2012-11-30,4.92,5.44,6.01,0.08,-0.03,-0.02,3.70,2012-11-29,1.24,2.24,2.64,3.09,-2.36,0.40,2.30
2012-12-28,4.39,5.16,5.71,0.07,-0.03,-0.01,3.70,2012-12-20,2.21,2.37,2.96,4.13,-1.62,-3.73,2.30
2013-01-31,4.25,4.75,5.32,0.07,-0.03,-0.02,3.70,2013-01-31,1.99,1.87,2.33,3.32,-0.89,-3.71,2.30
2013-02-28,4.04,4.51,5.07,0.07,-0.03,-0.02,3.70,2013-02-28,1.55,1.80,2.14,2.75,-1.16,-1.62,2.30
2013-03-27,3.58,4.44,5.10,0.07,-0.03,-0.02,3.70,2013-03-26,1.23,1.59,2.12,3.08,-1.75,-2.64,2.30
2013-04-30,3.69,4.49,5.09,0.06,-0.03,-0.01,3.70,2013-04-30,1.44,1.84,2.32,3.19,-1.71,-2.24,2.30
2013-05-31,3.98,5.31,6.12,0.07,-0.04,-0.01,3.70,2013-05-31,2.05,2.50,3.09,4.14,-2.02,-2.78,2.30
2013-06-28,4.33,6.39,7.13,0.07,-0.04,0.06,3.70,2013-06-28,2.52,3.31,3.86,4.70,-2.41,-1.40,2.30
2013-07-31,4.29,6.51,7.50,0.08,-0.05,0.04,3.70,2013-07-31,2.18,3.30,3.74,4.24,-2.62,0.47,2.30
2013-08-30,4.55,6.80,7.76,0.08,-0.05,0.03,3.70,2013-08-29,2.01,3.62,4.00,4.18,-3.18,2.51,2.30
2013-09-30,4.26,6.43,7.33,0.08,-0.04,0.04,3.70,2013-09-30,1.91,3.66,4.12,4.44,-3.59,2.33,2.30
2013-10-31,4.17,6.15,6.90,0.07,-0.04,0.04,3.70,2013-10-31,1.64,3.26,3.83,4.42,-3.66,1.13,2.30
2013-11-29,4.19,6.32,7.33,0.08,-0.05,0.03,3.70,2013-11-29,1.89,3.42,3.88,4.27,-3.27,1.64,2.30
2013-12-30,4.20,6.27,7.29,0.08,-0.05,0.01,3.70,2013-12-30,1.64,3.12,3.69,4.33,-3.44,0.66,2.30
2014-01-31,4.35,6.63,7.64,0.09,-0.05,0.03,3.70,2014-01-31,1.55,3.33,3.94,4.55,-3.97,1.37,2.30
2014-02-28,4.26,6.62,7.64,0.09,-0.05,0.03,3.70,2014-02-28,1.30,3.21,3.97,4.83,-4.51,0.75,2.30
2014-03-31,4.15,5.93,6.78,0.08,-0.05,0.01,3.70,2014-03-31,1.73,2.84,3.61,4.78,-3.39,-1.91,2.30
2014-04-30,4.36,6.03,6.78,0.07,-0.03,0.04,3.70,2014-04-30,1.96,2.91,3.53,4.46,-2.81,-1.36,2.30
2014-05-30,4.53,6.05,6.65,0.07,-0.03,0.02,3.70,2014-05-30,2.03,2.90,3.47,4.34,-2.59,-1.32,2.30
2014-06-27,4.70,6.24,6.91,0.07,-0.03,0.03,3.70,2014-06-27,1.92,2.95,3.59,4.54,-2.98,-1.31,2.30
2014-07-31,4.77,6.26,6.98,0.07,-0.03,0.02,3.70,2014-07-31,1.26,3.10,3.70,4.27,-4.04,1.62,2.30
2014-08-29,4.81,5.99,6.73,0.08,-0.04,-0.01,3.70,2014-08-29,2.08,2.87,3.46,4.41,-2.51,-1.77,2.30
2014-09-30,4.87,6.22,7.19,0.09,-0.04,-0.01,3.70,2014-09-30,2.14,2.97,3.65,4.74,-2.77,-2.17,2.30
2014-10-31,4.81,5.90,6.94,0.09,-0.05,-0.03,3.70,2014-10-31,2.13,2.67,3.43,4.82,-2.56,-3.78,2.30
2014-11-28,4.65,5.69,6.93,0.10,-0.05,-0.04,3.70,2014-11-28,1.01,2.36,3.29,4.73,-4.10,-2.37,2.30
2014-12-30,4.94,6.31,7.50,0.11,-0.06,-0.03,3.70,2014-12-30,1.20,2.37,3.82,6.39,-5.06,-6.67,2.30
2015-01-30,4.52,5.62,6.94,0.11,-0.06,-0.06,3.70,2015-01-30,0.50,2.12,3.20,4.85,-4.85,-2.55,2.30
2015-02-27,4.54,5.54,6.96,0.11,-0.07,-0.07,3.70,2015-02-27,0.57,2.30,3.39,5.03,-5.03,-2.32,2.30
2015-03-31,4.84,6.13,7.42,0.11,-0.06,-0.05,3.70,2015-03-31,0.57,2.30,3.39,5.03,-5.03,-2.33,2.30
2015-04-30,4.70,5.89,7.18,0.11,-0.06,-0.05,3.70,2015-04-30,1.97,2.19,3.17,5.14,-2.62,-6.40,2.30
2015-05-29,4.68,5.99,7.34,0.11,-0.06,-0.04,3.70,2015-05-29,0.99,2.78,3.55,4.48,-4.36,0.27,2.30
2015-06-30,4.61,6.32,7.82,0.11,-0.07,-0.04,3.70,2015-06-30,1.29,3.41,3.96,4.32,-4.32,2.88,2.30
2015-07-31,4.64,6.30,7.75,0.11,-0.07,-0.04,3.70,2015-07-31,1.27,2.98,3.78,4.81,-4.32,-0.21,2.30
2015-08-31,5.06,6.88,8.35,0.11,-0.07,-0.02,3.70,2015-08-31,1.27,2.93,4.04,5.73,-4.96,-2.67,2.30
2015-09-30,5.64,7.50,8.63,0.11,-0.06,-0.01,3.70,2015-09-30,1.02,3.09,3.97,5.03,-5.03,0.40,2.30
2015-10-30,5.47,7.36,8.26,0.09,-0.04,0.02,3.70,2015-10-30,0.84,2.73,3.63,4.80,-4.80,-0.40,2.30
2015-11-30,6.20,7.68,8.72,0.11,-0.05,-0.01,3.70,2015-11-30,1.15,3.25,3.96,4.66,-4.66,1.66,2.30
2015-12-30,6.51,7.94,8.88,0.11,-0.05,-0.01,3.70,2015-12-28,1.22,3.27,4.12,5.13,-4.92,0.52,2.30
2016-01-29,6.63,8.26,9.21,0.11,-0.05,0.01,3.70,2016-01-29,1.36,3.65,4.30,4.80,-4.80,2.75,2.30
2016-02-29,6.85,8.42,9.19,0.10,-0.04,0.02,3.70,2016-02-29,1.36,3.71,4.42,5.02,-5.02,2.53,2.30
2016-03-31,6.88,7.66,8.35,0.10,-0.03,-0.01,3.70,2016-03-31,1.97,3.59,3.96,4.15,-3.19,2.52,2.30
2016-04-29,7.17,7.65,8.22,0.09,-0.03,-0.01,3.70,2016-04-29,2.03,3.30,3.85,4.53,-3.11,0.13,2.30
2016-05-31,7.27,7.62,8.16,0.10,-0.03,-0.02,3.70,2016-05-31,2.18,3.37,3.90,4.56,-2.95,0.02,2.30
2016-06-30,6.84,6.98,7.57,0.10,-0.03,-0.03,3.70,2016-06-30,2.16,3.18,3.56,3.97,-2.34,0.55,2.30
2016-07-29,7.10,7.24,7.64,0.09,-0.02,-0.04,3.70,2016-07-29,2.28,3.14,3.57,4.13,-2.23,-0.25,2.30
2016-08-31,7.30,7.10,7.50,0.09,-0.02,-0.04,3.70,2016-08-31,2.50,3.52,3.78,3.94,-2.06,1.42,2.30
2016-09-30,6.84,6.56,7.02,0.09,-0.02,-0.05,3.70,2016-09-30,3.50,3.19,3.51,4.28,-0.30,-3.29,2.30
2016-10-31,6.92,6.75,7.42,0.10,-0.03,-0.06,3.70,2016-10-31,2.47,2.86,3.27,3.98,-1.52,-1.70,2.30
2016-11-30,6.84,6.77,7.41,0.10,-0.03,-0.05,3.70,2016-11-30,2.17,3.07,3.44,3.89,-2.16,0.19,2.30
2016-12-29,6.62,6.62,7.18,0.10,-0.03,-0.05,3.70,2016-12-29,1.33,3.01,3.19,2.93,-2.81,4.17,2.30
2017-01-31,6.54,6.54,6.94,0.08,-0.02,-0.04,3.70,2017-01-31,0.93,2.67,3.28,3.91,-3.91,1.19,2.30
2017-02-28,6.52,6.52,7.05,0.09,-0.02,-0.04,3.70,2017-02-28,1.59,2.70,3.33,4.24,-3.07,-0.98,2.30
2017-03-31,6.11,6.23,6.77,0.09,-0.02,-0.04,3.70,2017-03-31,2.43,2.90,3.37,4.18,-1.77,-1.87,2.30
2017-04-28,5.77,5.84,6.42,0.09,-0.03,-0.05,3.70,2017-04-28,2.44,2.84,3.33,4.20,-1.71,-2.24,2.30
2017-05-31,5.46,5.78,6.42,0.08,-0.03,-0.03,3.70,2017-05-31,2.29,2.48,3.02,4.09,-1.55,-3.34,2.30
2017-06-30,5.01,5.95,6.70,0.08,-0.04,-0.02,3.70,2017-06-30,2.34,2.84,3.32,4.14,-1.85,-1.87,2.30
2017-07-31,5.45,6.22,7.02,0.09,-0.04,-0.03,3.70,2017-07-31,2.51,3.08,3.52,4.22,-1.84,-1.31,2.30
2017-08-31,5.39,6.17,6.92,0.09,-0.03,-0.02,3.70,2017-08-31,2.30,2.80,3.33,4.25,-1.95,-2.20,2.30
2017-09-29,5.12,6.04,6.76,0.08,-0.04,-0.01,3.70,2017-09-29,2.09,2.63,3.20,4.19,-2.11,-2.40,2.30
2017-10-31,4.96,6.13,6.83,0.08,-0.03,-0.01,3.70,2017-10-31,1.90,2.66,3.27,4.26,-2.52,-1.97,2.30
2017-11-30,4.70,5.85,6.69,0.08,-0.04,-0.01,3.70,2017-11-30,1.36,2.52,3.19,4.14,-3.21,-1.06,2.30
2017-12-28,4.66,5.94,6.74,0.08,-0.04,0.00,3.70,2017-12-28,1.37,2.30,3.11,4.46,-3.22,-2.88,2.30
2018-01-31,4.78,5.90,6.69,0.08,-0.04,-0.01,3.70,2018-01-31,1.32,2.43,3.23,4.48,-3.46,-2.16,2.30
2018-02-28,4.72,6.05,6.94,0.09,-0.04,-0.01,3.70,2018-02-28,1.06,2.57,3.36,4.46,-4.01,-0.84,2.30
2018-03-28,4.57,5.88,6.73,0.09,-0.04,0.00,3.70,2018-03-28,1.14,2.69,3.43,4.38,-3.94,-0.27,2.30
2018-04-30,4.47,5.78,6.65,0.08,-0.04,0.00,3.70,2018-04-30,1.71,2.61,3.35,4.56,-3.03,-2.45,2.30
2018-05-31,4.61,6.01,6.89,0.08,-0.04,0.00,3.70,2018-05-31,1.52,2.68,3.35,4.33,-3.24,-1.12,2.30
2018-06-29,4.65,6.14,6.94,0.08,-0.04,0.01,3.70,2018-06-29,1.70,2.80,3.36,4.12,-2.87,-0.51,2.30
2018-07-31,4.73,6.21,7.12,0.09,-0.04,0.00,3.70,2018-07-31,1.78,2.87,3.48,4.33,-2.97,-0.83,2.30
2018-08-31,4.74,6.18,7.09,0.09,-0.04,0.00,3.70,2018-08-31,1.71,2.84,3.44,4.25,-3.01,-0.61,2.30
2018-09-28,4.60,6.21,7.15,0.09,-0.05,0.01,3.70,2018-09-28,0.96,2.73,3.44,4.27,-4.20,0.58,2.30
2018-10-31,4.85,6.46,7.46,0.09,-0.05,0.00,3.70,2018-10-31,0.97,2.83,3.54,4.33,-4.33,0.93,2.30
2018-11-30,4.87,6.33,7.27,0.09,-0.05,0.00,3.70,2018-11-30,1.42,2.44,3.28,4.66,-3.44,-2.79,2.30
2018-12-28,4.86,6.14,7.02,0.09,-0.04,-0.01,3.70,2018-12-28,0.78,2.51,3.31,4.35,-4.35,-0.24,2.30
2019-01-31,4.78,6.05,6.99,0.09,-0.05,-0.01,3.70,2019-01-31,1.40,2.48,3.26,4.50,-3.38,-2.20,2.30
2019-02-28,4.74,5.99,6.98,0.09,-0.05,-0.02,3.70,2019-02-28,1.22,2.53,3.33,4.52,-3.75,-1.59,2.30
2019-03-29,4.58,5.75,6.71,0.09,-0.05,-0.02,3.70,2019-03-29,1.79,2.63,3.33,4.48,-2.85,-2.34,2.30
2019-04-30,4.59,5.94,6.94,0.09,-0.05,-0.01,3.70,2019-04-30,1.75,2.53,3.32,4.68,-2.97,-3.20,2.30
2019-05-31,4.56,5.76,6.76,0.09,-0.05,-0.02,3.70,2019-05-31,1.56,2.46,3.23,4.50,-3.08,-2.64,2.30
2019-06-28,4.37,5.31,6.22,0.08,-0.04,-0.03,3.70,2019-06-28,1.48,2.15,2.93,4.32,-2.79,-3.52,2.30
2019-07-31,4.37,5.29,6.09,0.08,-0.04,-0.02,3.70,2019-07-31,1.47,1.88,2.55,3.79,-2.16,-3.51,2.30
2019-08-30,4.49,5.34,6.11,0.08,-0.04,-0.02,3.70,2019-08-30,1.45,1.97,2.63,3.82,-2.29,-3.10,2.30
2019-09-30,4.44,5.25,6.07,0.08,-0.04,-0.03,3.70,2019-09-30,1.27,1.79,2.45,3.63,-2.30,-3.08,2.30
2019-10-31,4.51,5.35,6.10,0.08,-0.04,-0.02,3.70,2019-10-31,1.28,1.75,2.44,3.69,-2.27,-3.43,2.30
2019-11-29,4.62,5.76,6.58,0.08,-0.04,-0.01,3.70,2019-11-29,1.38,1.96,2.66,3.90,-2.47,-3.16,2.30
2019-12-30,4.50,5.56,6.42,0.08,-0.04,-0.02,3.70,2019-12-20,1.06,1.77,2.47,3.68,-2.66,-2.83,2.30
2020-01-31,4.44,5.27,6.02,0.08,-0.04,-0.02,3.70,2020-01-31,0.83,1.63,2.42,3.75,-2.98,-3.06,2.30
2020-02-28,4.33,5.36,6.22,0.08,-0.04,-0.02,3.70,2020-02-28,0.89,1.80,2.46,3.49,-2.85,-1.79,2.30
2020-03-31,4.32,6.46,7.26,0.07,-0.04,0.04,3.70,2020-03-31,1.82,2.49,2.95,3.65,-2.02,-1.12,2.30
2020-04-30,3.86,5.82,7.20,0.10,-0.07,-0.01,3.70,2020-04-30,1.83,2.76,3.18,3.72,-2.32,-0.05,2.30
2020-05-29,3.01,4.54,6.25,0.11,-0.08,-0.06,3.70,2020-05-29,1.80,2.35,3.02,4.19,-2.34,-2.99,2.30
2020-06-30,2.67,4.57,6.65,0.12,-0.10,-0.07,3.70,2020-06-30,1.90,2.39,3.11,4.43,-2.40,-3.61,2.30
2020-07-31,2.30,4.15,6.31,0.12,-0.10,-0.08,3.70,2020-07-31,1.45,1.81,2.90,5.02,-3.06,-6.67,2.30
2020-08-31,2.40,4.38,6.21,0.11,-0.09,-0.05,3.70,2020-08-31,0.81,1.63,2.72,4.70,-3.73,-5.27,2.30
2020-09-30,2.03,4.36,5.98,0.09,-0.08,-0.01,3.70,2020-09-30,1.06,1.42,2.52,4.69,-3.10,-6.83,2.30
2020-10-30,2.16,4.57,6.21,0.09,-0.08,-0.01,3.70,2020-10-30,0.15,1.41,2.57,4.52,-4.52,-4.29,2.30
2020-11-30,2.17,4.36,5.93,0.09,-0.08,-0.02,3.70,2020-11-30,0.36,1.22,2.32,4.29,-3.80,-5.18,2.30
2020-12-30,2.09,4.27,5.76,0.09,-0.07,-0.01,3.70,2020-12-30,0.48,1.03,2.11,4.17,-3.33,-6.07,2.30
2021-01-29,1.90,4.21,5.90,0.09,-0.08,-0.02,3.70,2021-01-29,-0.23,0.71,2.04,4.45,-4.45,-6.54,2.30
2021-02-26,2.10,4.77,6.44,0.09,-0.08,0.00,3.70,2021-02-26,0.05,1.23,2.44,4.52,-4.52,-4.91,2.30
2021-03-31,2.49,5.71,7.45,0.10,-0.09,0.02,3.70,2021-03-31,0.42,1.94,3.02,4.71,-4.71,-2.89,2.30
2021-04-30,2.25,5.71,7.46,0.10,-0.09,0.03,3.70,2021-04-30,0.48,2.07,3.15,4.81,-4.81,-2.64,2.30
2021-05-31,2.74,5.95,7.75,0.10,-0.09,0.02,3.70,2021-05-31,0.28,1.84,3.16,5.31,-5.31,-4.44,2.30
2021-06-30,3.11,6.16,7.58,0.09,-0.07,0.04,3.70,2021-06-30,0.75,2.42,3.39,4.80,-4.66,-1.64,2.30
2021-07-30,2.95,6.11,7.60,0.09,-0.08,0.04,3.70,2021-07-30,0.83,2.68,3.57,4.73,-4.73,-0.41,2.30
2021-08-31,2.92,6.14,7.60,0.09,-0.07,0.04,3.70,2021-08-31,0.61,2.34,3.39,4.94,-4.94,-2.01,2.30
2021-09-30,3.47,6.69,8.05,0.09,-0.07,0.05,3.70,2021-09-30,0.72,2.51,3.48,4.83,-4.83,-1.18,2.30
2021-10-29,4.39,7.29,8.40,0.09,-0.06,0.06,3.70,2021-10-29,0.87,2.59,3.47,4.67,-4.53,-0.80,2.30
2021-11-30,4.60,7.67,8.80,0.09,-0.06,0.06,3.70,2021-11-30,1.25,3.10,3.76,4.46,-4.19,1.21,2.30
2021-12-30,5.44,7.72,8.46,0.08,-0.04,0.06,3.70,2021-12-30,1.05,2.96,3.60,4.24,-4.24,1.53,2.30
2022-01-31,6.09,8.56,9.43,0.09,-0.05,0.06,3.70,2022-01-31,0.93,2.89,3.74,4.80,-4.80,0.16,2.30
2022-02-28,7.48,9.22,9.74,0.09,-0.03,0.05,3.70,2022-02-28,1.18,3.27,3.95,4.58,-4.58,1.90,2.30
2022-03-31,7.72,9.42,9.97,0.10,-0.03,0.04,3.70,2022-03-31,1.20,3.37,4.08,4.77,-4.77,1.84,2.30
2022-04-29,8.37,10.04,10.54,0.10,-0.03,0.04,3.70,2022-04-29,1.49,3.60,4.30,4.97,-4.65,1.80,2.30
2022-05-31,8.88,10.35,10.78,0.10,-0.02,0.04,3.70,2022-05-31,1.55,4.16,4.88,5.43,-5.43,3.22,2.30
2022-06-30,9.70,11.18,11.61,0.11,-0.02,0.04,3.70,2022-06-30,2.02,4.53,5.06,5.23,-4.84,4.32,2.30
2022-07-29,10.39,11.98,12.62,0.13,-0.03,0.03,3.70,2022-07-29,2.82,5.53,6.02,6.03,-5.02,5.26,2.30
2022-08-31,10.84,11.80,12.21,0.12,-0.02,0.02,3.70,2022-08-31,2.07,5.12,5.68,5.72,-5.68,5.83,2.30
2022-09-30,11.40,12.51,12.92,0.13,-0.02,0.02,3.70,2022-09-30,1.87,4.92,5.71,6.21,-6.21,4.23,2.30
2022-10-31,12.43,13.53,13.93,0.14,-0.02,0.02,3.70,2022-10-31,2.83,5.83,6.37,6.38,-5.56,5.83,2.30
2022-11-30,11.93,13.00,13.23,0.13,-0.01,0.04,3.70,2022-11-30,4.16,5.35,5.94,6.75,-3.09,-0.48,2.30
2022-12-29,11.90,12.83,13.23,0.14,-0.02,0.01,3.70,2022-12-29,3.41,5.48,6.05,6.47,-4.30,2.59,2.30
2023-01-31,12.02,12.06,12.26,0.13,-0.01,-0.01,3.70,2023-01-31,1.96,4.44,5.03,5.34,-4.92,3.78,2.30
2023-02-28,11.87,12.87,13.43,0.14,-0.03,0.01,3.70,2023-02-28,2.10,5.08,5.47,5.19,-5.19,6.83,2.30
2023-03-31,10.81,11.46,11.95,0.13,-0.02,-0.01,3.70,2023-03-31,2.47,4.67,5.00,4.87,-3.91,4.76,2.30
2023-04-28,11.25,11.46,11.89,0.13,-0.02,-0.02,3.70,2023-04-28,3.30,4.56,4.74,4.65,-2.22,2.79,2.30
2023-05-31,10.82,10.87,11.11,0.12,-0.01,-0.02,3.70,2023-05-31,3.44,4.34,4.54,4.61,-1.75,1.51,2.30
2023-06-30,10.42,9.96,10.15,0.11,-0.01,-0.04,3.70,2023-06-30,4.03,3.99,4.13,4.44,-0.28,-1.16,2.30
2023-07-31,9.97,10.02,10.22,0.11,-0.01,-0.01,3.70,2023-07-31,4.06,4.26,4.32,4.37,-0.42,0.22,2.30
2023-08-31,9.44,10.19,10.70,0.12,-0.02,0.00,3.70,2023-08-31,4.10,4.28,4.41,4.63,-0.57,-0.42,2.30
2023-09-29,10.60,11.39,11.87,0.13,-0.02,0.00,3.70,2023-09-29,3.79,4.93,5.07,4.93,-1.96,2.73,2.30
2023-10-31,10.98,11.38,11.81,0.13,-0.02,-0.01,3.70,2023-10-31,3.93,4.77,4.96,5.06,-1.66,1.31,2.30
2023-11-30,10.38,10.31,10.74,0.12,-0.02,-0.04,3.70,2023-11-30,3.68,4.41,4.57,4.64,-1.42,1.20,2.30
2023-12-28,10.06,9.59,9.94,0.12,-0.01,-0.05,3.70,2023-12-28,2.96,3.75,3.97,4.12,-1.65,1.03,2.30
2024-01-31,9.37,9.06,9.62,0.12,-0.02,-0.06,3.70,2024-01-31,2.17,3.92,4.26,4.32,-3.30,3.22,2.30
2024-02-29,9.33,9.41,10.07,0.13,-0.03,-0.05,3.70,2024-02-29,2.45,4.15,4.50,4.59,-3.25,3.01,2.30
2024-03-27,9.04,9.63,10.32,0.12,-0.03,-0.03,3.70,2024-03-27,2.78,4.57,4.76,4.50,-3.00,4.38,2.30
2024-04-30,9.86,10.22,10.81,0.13,-0.03,-0.03,3.70,2024-04-30,3.76,5.18,5.34,5.14,-2.41,3.45,2.30
2024-05-31,9.67,10.52,11.19,0.13,-0.03,-0.01,3.70,2024-05-31,4.38,5.34,5.45,5.34,-1.65,2.27,2.30
2024-06-28,9.35,10.17,11.12,0.14,-0.04,-0.04,3.70,2024-06-28,3.56,5.38,5.50,5.09,-2.89,5.02,2.30
2024-07-31,8.90,10.09,11.11,0.13,-0.05,-0.02,3.70,2024-07-31,3.65,5.41,5.55,5.19,-2.85,4.70,2.30
2024-08-30,8.25,9.57,10.53,0.12,-0.05,-0.01,3.70,2024-08-30,2.83,5.02,5.08,4.40,-3.28,6.67,2.30
2024-09-30,8.03,9.44,10.46,0.12,-0.05,-0.01,3.70,2024-09-30,2.86,4.95,4.97,4.26,-3.05,6.57,2.30
2024-10-31,8.58,10.18,11.37,0.14,-0.06,-0.02,3.70,2024-10-31,3.09,5.48,5.45,4.51,-3.36,7.97,2.30
2024-11-29,8.47,10.28,11.41,0.13,-0.06,0.00,3.70,2024-11-29,3.48,5.28,5.11,4.08,-2.18,7.11,2.30
2024-12-30,9.39,11.09,12.43,0.15,-0.06,-0.02,3.70,2024-12-30,3.17,5.27,5.28,4.51,-3.02,6.79,2.30
2025-01-31,9.23,10.59,12.03,0.16,-0.07,-0.05,3.70,2025-01-31,2.81,5.55,5.44,4.20,-3.67,9.71,2.30
2025-02-28,8.92,10.73,11.98,0.14,-0.06,-0.01,3.70,2025-02-28,3.14,5.42,5.35,4.38,-3.10,7.81,2.30
2025-03-31,9.34,11.48,12.77,0.15,-0.06,0.00,3.70,2025-03-31,4.35,6.10,6.02,5.22,-2.33,6.23,2.30
2025-04-30,9.26,11.32,12.73,0.15,-0.07,-0.01,3.70,2025-04-30,4.66,6.15,5.93,4.94,-1.63,6.38,2.30
2025-05-30,9.02,11.44,12.84,0.15,-0.07,0.01,3.70,2025-05-30,4.00,6.11,6.14,5.45,-3.10,6.54,2.30
2025-06-27,9.08,11.87,12.84,0.13,-0.05,0.06,3.70,2025-06-27,5.00,6.26,6.29,5.90,-1.89,3.82,2.30
2025-07-31,8.98,11.19,12.37,0.14,-0.06,0.02,3.70,2025-07-31,5.09,6.29,6.42,6.26,-2.03,2.91,2.30
2025-08-29,9.25,11.33,12.23,0.13,-0.05,0.03,3.70,2025-08-29,5.42,6.19,6.25,6.09,-1.25,2.07,2.30
2025-09-30,9.27,11.06,11.98,0.13,-0.05,0.02,3.70,2025-09-30,4.83,5.83,6.00,5.99,-1.84,2.01,2.30
2025-10-31,9.45,11.49,12.17,0.12,-0.04,0.05,3.70,2025-10-31,4.65,5.66,5.73,5.51,-1.61,2.73,2.30
2025-11-28,10.09,12.33,13.01,0.13,-0.04,0.06,3.70,2025-11-28,5.16,6.25,6.23,5.81,-1.52,3.61,2.30
2025-12-30,11.30,12.84,13.13,0.12,-0.02,0.05,3.70,2025-12-30,5.75,6.28,6.34,6.29,-0.90,1.21,2.30
